tenant_id,property_id,rating
664,47,1
492,157,2
721,236,5
766,299,1
1000,233,4
791,71,4
190,190,4
721,1,1
395,171,5
34,152,4
771,139,5
556,295,2
807,42,5
902,172,1
528,187,1
114,197,3
477,21,3
376,90,5
722,35,5
727,105,2
343,123,5
117,245,5
893,108,2
329,181,3
516,217,3
56,33,3
354,232,4
514,270,1
482,273,5
922,150,4
636,189,1
193,235,1
83,201,2
296,40,1
169,142,1
714,76,4
155,105,5
975,12,3
427,278,2
486,178,4
455,11,3
194,33,1
893,119,5
661,172,4
593,176,3
498,272,5
456,235,3
581,68,3
176,134,2
496,191,3
789,25,2
362,146,4
980,86,5
947,83,5
293,94,2
860,79,2
244,60,1
325,295,2
452,134,3
189,106,5
725,18,3
353,76,3
460,277,2
547,155,1
943,13,4
954,256,2
971,235,3
160,3,5
1000,260,3
663,152,4
918,149,5
683,76,5
747,227,3
706,58,4
922,21,2
695,283,1
316,13,4
633,113,4
366,48,3
57,100,5
540,114,3
201,12,1
552,229,1
1000,263,4
200,252,3
618,262,1
931,185,4
152,219,3
396,191,1
292,177,3
316,229,5
90,111,4
760,213,4
296,84,4
747,213,2
856,45,2
213,156,4
889,269,3
68,193,1
7,210,3
425,90,5
474,291,2
205,96,4
297,284,4
44,155,5
312,253,5
758,238,2
28,2,2
269,154,4
128,148,4
184,252,2
30,62,3
505,35,5
764,186,5
493,290,4
890,133,4
998,62,3
525,295,1
866,133,2
596,30,2
328,237,2
366,84,1
280,185,4
652,183,1
297,150,5
655,40,5
199,94,1
614,86,5
331,162,3
278,186,1
548,297,3
844,74,1
141,266,3
382,249,4
349,84,1
224,80,5
227,97,5
629,270,5
730,283,1
428,236,1
120,68,1
492,179,3
708,186,2
837,227,5
536,176,2
727,156,1
763,61,2
132,73,2
315,65,2
134,41,4
708,58,1
20,248,4
44,101,1
34,263,5
61,241,1
931,130,1
68,155,1
773,50,1
943,106,5
923,103,2
687,180,1
93,75,3
972,297,3
361,83,5
800,124,5
584,35,1
840,297,1
542,112,2
988,145,2
924,276,1
997,51,2
943,259,4
376,95,4
690,55,2
855,182,4
435,110,5
234,209,1
780,161,1
478,57,5
140,254,3
722,148,5
740,21,1
336,253,1
395,146,4
615,160,4
232,284,4
298,220,2
878,36,4
962,189,2
14,252,1
406,225,5
675,44,1
147,203,4
712,53,2
67,187,2
347,103,5
865,207,1
239,218,4
286,298,5
280,205,3
488,208,4
524,143,2
787,233,1
126,129,4
510,119,2
31,51,1
851,35,4
695,14,2
392,168,2
311,50,1
677,267,4
812,239,2
301,255,4
517,134,5
352,277,5
19,17,4
902,61,4
461,162,4
454,236,1
34,91,5
676,156,2
504,221,2
320,200,4
783,57,5
692,252,5
702,277,5
482,244,5
875,81,5
58,201,3
507,194,5
693,181,3
329,32,1
605,24,2
858,188,3
829,299,1
784,175,4
100,220,3
366,211,3
58,126,2
241,160,5
87,34,3
118,173,2
21,276,3
39,236,4
582,264,4
274,11,4
603,12,3
387,293,4
331,294,1
828,251,1
708,106,3
509,258,3
171,154,3
993,224,2
509,39,5
220,148,3
49,153,5
412,116,5
761,48,5
98,173,3
69,291,5
487,219,2
356,40,3
517,154,4
680,277,3
205,213,4
258,264,4
688,281,2
903,10,5
884,96,5
512,110,4
275,273,5
874,223,5
745,31,5
206,187,4
152,124,2
765,154,4
421,164,1
650,105,4
274,147,2
263,121,4
245,59,2
197,15,2
817,159,4
498,287,4
433,19,2
164,140,2
30,133,3
675,282,2
660,22,4
802,11,1
881,43,3
617,153,1
923,209,3
688,47,4
966,72,2
115,293,5
956,62,5
681,298,5
258,255,1
244,63,3
338,300,4
826,121,4
224,74,1
180,110,3
451,210,3
884,29,4
547,192,1
325,280,4
487,127,3
901,75,3
487,189,3
22,18,1
708,123,3
566,197,3
655,186,1
548,122,4
398,5,4
950,131,3
93,121,3
216,83,4
647,163,4
809,18,3
888,42,4
483,212,3
735,217,1
845,83,3
519,34,3
431,281,3
465,15,1
657,95,4
811,70,1
411,103,3
322,295,1
114,81,2
529,67,5
703,211,3
463,245,2
267,89,5
847,168,3
204,44,4
377,94,4
898,194,5
230,11,1
946,286,5
642,118,1
998,237,2
269,87,1
411,220,5
267,77,1
982,189,2
970,291,1
15,270,4
792,233,4
122,115,2
196,137,3
765,254,4
134,221,2
615,111,3
745,97,4
185,210,2
30,149,3
242,231,2
379,299,4
88,6,4
137,166,4
704,109,4
726,217,5
263,38,1
571,31,1
341,121,4
931,182,5
962,24,1
260,259,5
391,155,4
688,190,2
992,287,1
595,92,3
174,258,4
953,174,4
136,46,3
728,272,4
146,134,1
321,23,2
512,144,3
949,221,3
925,135,5
850,136,5
321,224,2
324,252,2
570,226,1
194,77,1
236,94,1
482,134,2
723,240,4
119,254,1
453,183,5
497,235,4
116,76,1
358,48,2
890,146,2
855,87,5
843,140,5
913,300,2
598,3,5
786,293,2
427,40,2
787,256,1
909,169,1
292,63,4
383,55,3
158,15,1
472,246,4
644,138,5
674,3,3
994,23,5
974,232,3
971,292,2
217,25,3
331,29,1
561,196,1
409,131,2
246,205,1
22,107,2
398,207,3
663,79,1
306,252,4
754,159,5
135,184,1
853,189,5
205,251,4
907,199,4
275,289,5
434,47,4
831,189,5
191,223,4
96,21,5
350,238,2
664,80,4
540,269,1
298,240,4
82,245,3
153,66,3
862,128,5
438,152,5
49,283,1
940,24,5
111,262,4
423,49,4
677,292,3
364,131,5
84,258,1
117,237,2
806,94,4
47,43,4
898,153,3
602,233,4
639,136,3
990,96,2
190,41,5
266,55,4
548,10,1
405,60,1
176,245,4
709,208,5
744,250,3
634,185,4
824,155,1
129,70,1
196,58,1
713,97,1
215,247,2
666,124,4
863,276,2
89,155,4
152,243,4
23,60,2
925,79,4
987,249,4
21,231,5
249,104,3
584,201,1
342,5,1
646,222,4
869,254,5
611,284,3
38,250,4
498,263,5
743,250,2
732,32,5
20,217,5
324,284,1
275,214,4
120,254,5
962,178,4
715,224,1
166,148,2
481,177,4
238,260,2
602,174,5
874,240,2
905,151,4
983,214,3
816,242,2
637,107,3
708,45,4
133,89,2
161,252,1
813,213,4
311,121,2
571,25,1
368,134,3
694,82,2
848,258,1
827,33,3
441,59,5
233,62,5
230,250,3
349,182,1
789,286,3
918,78,5
619,54,1
949,225,4
986,57,1
801,53,5
43,260,1
172,61,2
933,186,2
746,150,4
781,260,4
751,51,2
663,187,3
839,71,1
869,104,4
993,213,1
252,243,3
294,259,2
88,137,3
733,213,3
645,126,2
772,272,4
807,117,2
822,220,4
941,210,4
975,265,3
967,16,4
150,6,5
967,36,1
347,162,4
791,85,4
63,202,1
677,78,5
60,267,3
430,206,5
895,156,3
932,177,1
847,144,5
626,76,4
457,106,5
640,227,3
909,208,2
903,155,1
38,276,3
400,65,5
554,146,2
96,262,5
320,267,3
776,82,1
29,277,5
265,124,3
744,217,5
114,31,3
266,260,3
127,25,1
460,153,5
755,3,4
348,121,5
580,274,5
240,180,3
292,294,2
732,194,5
756,127,1
336,265,5
198,185,4
101,76,4
849,211,1
95,32,4
910,67,4
220,229,1
379,270,4
603,287,5
798,203,3
599,256,4
451,251,4
844,84,2
518,66,4
729,235,2
992,263,5
121,109,4
485,17,2
967,287,3
944,61,5
873,210,1
124,190,5
297,21,5
157,61,3
313,192,3
302,249,1
811,74,2
803,216,1
960,157,3
221,94,4
3,63,5
358,35,1
428,247,5
318,290,4
922,173,4
487,68,2
517,236,4
684,230,2
888,167,1
820,210,4
239,203,3
554,24,4
754,143,1
887,85,1
586,159,5
661,64,5
88,99,5
555,296,1
981,292,5
194,244,5
919,10,1
675,273,2
986,10,3
806,106,2
850,297,4
87,274,5
329,206,5
47,252,1
349,224,2
425,13,5
325,196,3
94,59,1
555,87,3
148,94,3
787,46,2
315,209,2
61,167,2
28,30,3
400,51,3
146,212,3
265,193,1
54,104,2
771,122,4
521,259,4
973,59,3
63,163,4
567,209,1
496,15,4
649,120,1
276,284,5
692,52,2
782,285,2
312,291,4
457,43,5
209,73,3
554,87,2
551,217,5
463,22,1
833,238,5
297,86,1
62,247,3
613,129,4
360,109,5
861,262,3
47,83,5
577,36,3
92,203,1
851,72,5
287,222,2
626,259,3
906,176,3
771,232,3
252,165,3
216,236,5
337,9,2
662,2,5
488,3,1
689,89,4
570,251,4
552,42,1
552,16,4
689,64,3
996,193,5
367,199,2
860,5,1
474,190,2
456,5,2
761,11,3
697,184,2
93,156,2
240,253,3
38,144,4
927,108,1
201,203,1
891,143,5
513,253,2
566,100,5
689,290,2
67,66,1
131,133,5
877,117,5
747,141,2
869,12,5
630,130,5
905,233,1
961,219,1
875,166,4
865,209,3
125,266,4
508,186,5
778,23,2
49,143,4
546,230,3
6,201,2
343,42,5
828,13,2
707,217,1
940,128,2
169,169,3
65,50,1
492,222,1
607,172,3
254,56,4
245,175,1
842,171,5
814,122,1
795,225,1
641,229,5
128,44,1
939,18,4
321,34,2
64,227,1
309,222,1
105,29,5
54,151,4
412,50,5
771,211,2
886,6,4
394,238,4
902,52,3
667,14,4
530,169,5
198,56,1
13,35,5
809,100,5
130,261,3
364,216,4
743,228,2
249,71,1
62,66,3
599,224,5
983,184,3
598,278,2
151,241,3
618,176,3
378,5,5
601,75,1
244,260,5
880,28,4
353,101,2
656,104,1
350,97,4
712,240,5
710,170,5
580,172,5
307,215,3
167,54,4
898,22,4
225,2,2
710,118,4
639,110,2
493,170,4
211,205,2
846,4,3
11,38,3
31,285,1
146,149,4
200,300,3
45,16,2
203,146,2
225,135,2
348,284,2
183,101,1
181,135,1
22,71,4
671,57,3
959,108,3
468,123,3
829,191,2
964,270,5
903,223,1
122,74,2
814,98,2
546,194,3
326,220,2
944,24,5
602,97,5
302,77,3
254,28,3
894,65,5
992,300,4
215,42,4
810,34,2
521,199,5
384,256,5
476,92,3
730,192,5
712,248,4
486,138,5
411,299,1
213,113,2
463,121,4
224,157,4
911,194,5
161,192,3
564,44,2
770,44,3
456,266,3
236,299,1
477,263,5
345,219,4
479,222,4
377,255,3
280,196,1
184,227,2
272,39,3
924,43,3
863,257,5
560,41,3
949,117,1
122,37,3
40,280,2
342,101,3
257,155,3
196,71,5
935,134,1
789,154,3
843,178,4
969,208,5
776,7,4
670,263,2
887,204,2
233,108,4
240,265,5
805,283,4
740,237,3
811,44,3
867,97,4
789,214,2
450,231,5
31,192,2
592,66,3
966,5,4
830,182,3
231,215,4
703,207,5
307,167,5
24,291,1
945,72,2
976,170,5
645,294,4
391,105,4
66,274,4
193,244,1
337,292,4
655,156,1
176,54,5
182,17,5
501,14,2
204,36,4
291,106,2
299,269,1
466,30,3
531,6,2
335,211,4
161,57,2
550,215,4
761,36,4
979,106,2
892,106,3
443,244,2
619,295,3
602,104,5
734,235,3
207,4,2
457,33,4
620,127,5
337,292,4
472,237,5
41,47,3
662,234,3
718,153,4
628,90,4
256,92,5
751,222,4
394,94,5
98,202,1
246,81,3
904,276,3
683,35,2
931,253,4
781,284,1
378,40,1
517,167,4
462,85,3
213,260,1
474,14,1
655,237,4
352,205,2
407,20,1
257,59,2
335,238,4
473,35,1
562,125,4
144,242,3
862,83,2
859,10,5
103,91,3
128,274,4
173,40,1
694,140,2
452,184,2
222,18,5
222,227,1
857,268,1
400,158,4
54,3,1
791,194,2
952,128,3
931,123,2
94,9,4
29,8,3
841,99,1
226,50,2
742,86,1
426,263,1
836,168,3
576,98,5
213,278,4
962,220,1
238,110,1
366,166,2
16,206,3
13,200,2
470,113,1
674,143,5
378,23,1
907,112,4
309,256,1
730,275,5
176,129,1
615,167,4
695,69,3
180,163,4
70,172,1
624,300,4
392,262,2
516,7,2
22,64,3
243,220,2
635,41,1
141,192,4
304,104,2
385,105,1
244,228,3
138,143,3
660,21,5
811,213,3
769,13,2
868,170,3
249,106,5
56,128,2
623,196,5
330,94,4
645,4,1
891,252,1
977,99,1
650,73,2
129,47,2
607,282,2
242,260,1
437,240,3
169,102,2
435,91,5
255,156,3
591,230,2
279,247,1
974,185,4
387,86,4
452,217,5
625,222,2
840,247,1
781,196,4
875,43,3
610,276,2
567,90,3
390,238,3
465,146,4
576,247,1
342,70,4
201,80,2
5,7,5
748,192,4
415,213,4
994,192,4
502,158,5
73,210,1
944,64,4
955,290,2
199,224,3
790,179,5
727,251,3
714,30,4
949,218,2
249,245,1
944,186,1
715,76,3
620,234,2
261,127,5
593,83,1
120,48,4
408,42,5
932,97,4
170,219,3
709,155,5
991,273,4
601,158,4
771,46,1
652,294,3
834,74,3
767,108,4
716,158,1
173,252,1
100,36,4
538,214,3
751,221,2
181,192,2
721,69,2
499,94,5
972,57,4
581,109,2
206,31,2
829,99,3
924,210,4
642,56,2
82,151,1
387,64,3
66,176,1
600,121,4
497,52,1
63,137,1
682,299,1
100,109,5
811,4,4
618,267,3
955,249,4
776,173,5
440,173,3
699,176,3
837,123,3
682,205,4
626,30,3
895,170,1
4,234,4
743,72,1
617,63,5
287,128,3
463,244,5
424,97,1
654,165,1
649,185,1
993,167,4
240,249,4
757,42,3
439,244,1
752,198,3
622,100,2
891,267,5
804,259,1
131,255,1
309,281,4
173,229,1
494,277,2
250,109,2
772,46,1
446,15,2
952,168,4
785,144,2
737,132,4
975,64,2
945,274,4
93,171,2
955,295,5
67,176,4
933,196,5
990,224,2
229,133,1
298,45,1
92,175,5
960,97,1
587,189,2
874,161,4
591,1,3
64,275,2
868,199,4
328,187,2
533,114,1
405,5,5
873,236,3
149,152,2
512,234,2
616,146,2
765,18,5
328,159,5
706,64,3
869,294,4
647,111,4
299,193,1
830,171,2
848,108,2
718,27,2
878,250,4
307,82,1
562,201,3
433,243,3
776,201,4
74,271,3
290,100,5
404,50,2
332,298,1
871,156,4
671,84,5
141,227,4
299,75,2
224,101,1
371,295,1
695,76,4
974,219,2
949,29,1
365,243,2
968,27,1
528,174,5
445,77,4
251,18,1
247,204,4
310,89,4
795,46,4
886,196,3
648,228,3
12,62,1
85,63,4
657,261,2
24,294,5
492,141,1
814,93,4
496,223,3
586,65,1
334,33,5
190,208,1
404,285,5
803,272,4
66,266,5
552,64,2
989,61,2
883,93,1
569,229,3
126,21,2
589,106,2
90,288,3
872,18,1
128,260,3
373,279,2
434,1,2
308,24,5
927,151,5
456,72,5
503,161,5
933,181,5
552,262,2
705,51,1
243,19,2
146,154,2
981,69,5
566,111,5
368,143,2
747,217,1
564,131,3
391,84,4
468,43,3
693,218,2
549,105,1
645,138,2
732,191,5
674,262,5
168,215,2
324,223,4
27,127,1
277,64,5
113,281,4
68,169,1
372,171,3
150,116,3
11,51,4
993,114,4
975,54,1
180,270,3
603,251,1
542,179,5
887,145,5
278,51,1
175,163,4
186,177,5
565,207,4
607,66,3
10,263,2
674,65,2
388,291,3
55,190,2
695,215,4
188,225,3
818,240,5
294,142,4
534,118,3
651,45,3
417,161,1
650,41,1
748,123,1
170,295,1
87,147,5
952,253,1
986,218,5
955,70,4
510,264,5
715,64,4
15,98,1
732,218,5
768,177,2
757,271,5
44,230,2
691,269,2
180,39,3
860,69,5
362,27,4
508,195,2
383,58,3
936,128,5
872,61,3
307,248,3
272,110,1
756,292,4
223,157,5
846,19,4
914,250,1
365,4,5
472,169,3
363,55,1
359,96,4
364,5,1
442,252,2
87,271,5
921,79,4
127,250,1
160,129,2
482,203,3
307,187,4
914,94,5
832,138,1
450,225,2
144,182,4
6,184,2
114,98,3
42,69,4
432,170,1
165,102,4
983,137,1
432,251,5
508,66,3
770,205,5
744,200,2
113,56,1
130,80,3
513,7,2
54,176,4
1000,5,4
492,149,3
498,43,4
254,79,5
192,128,3
786,59,3
718,127,4
204,243,1
718,258,5
186,97,5
645,77,2
124,68,4
40,141,2
952,75,4
19,103,1
886,27,4
418,269,3
717,119,2
345,219,4
63,262,4
660,27,3
113,138,3
288,180,4
253,164,1
187,21,1
54,165,2
293,242,3
931,52,4
190,130,4
373,172,3
115,50,1
700,283,2
340,185,3
761,271,5
381,122,3
216,300,4
90,55,2
645,62,1
601,98,2
722,229,1
77,280,5
352,155,4
780,104,5
739,79,1
131,99,4
564,130,5
999,178,3
460,61,4
70,248,4
537,258,1
171,141,2
297,24,5
63,98,4
507,273,5
995,39,2
449,261,4
576,200,4
622,140,2
189,2,2
586,112,5
714,5,5
467,258,5
266,156,2
304,138,5
122,88,2
47,274,2
299,21,2
965,143,2
277,27,2
844,108,5
119,1,3
648,189,3
86,282,3
740,69,4
920,151,3
59,6,3
225,144,2
263,9,5
674,299,1
740,196,3
891,283,2
837,227,2
333,138,2
596,203,2
457,119,4
378,76,4
96,254,2
471,95,2
194,292,4
966,93,3
22,159,2
907,91,4
704,97,1
147,37,4
252,233,4
103,270,2
745,7,5
103,194,4
22,57,1
782,23,2
255,43,3
147,7,1
981,55,5
754,174,1
208,72,4
778,289,4
836,84,3
340,246,2
250,29,5
709,137,5
127,11,1
106,279,3
106,262,4
146,1,2
25,117,4
395,76,3
672,147,2
944,197,1
504,87,1
230,53,3
366,40,5
342,61,3
946,44,1
620,78,2
439,272,3
615,93,4
154,155,5
838,147,3
897,54,3
939,256,3
956,136,1
808,2,2
797,76,3
152,200,4
739,245,1
116,296,4
983,143,2
93,166,2
187,198,3
327,254,4
493,212,5
813,171,2
822,126,4
429,282,4
552,274,4
546,275,2
394,43,5
733,216,5
592,113,1
241,186,1
209,9,3
572,243,2
944,57,1
934,179,3
870,72,3
472,74,5
996,216,2
216,115,1
765,71,1
986,74,4
751,14,4
381,28,1
679,298,1
489,81,1
151,188,2
81,126,1
13,292,4
154,94,4
762,72,5
716,154,4
422,173,4
801,7,3
114,80,1
903,17,5
770,89,5
165,6,4
853,217,4
568,133,5
514,157,2
434,81,3
997,48,5
387,65,2
411,29,2
402,95,5
620,40,4
489,161,4
848,195,2
56,191,4
200,139,1
107,40,3
618,172,1
246,145,2
555,55,1
217,6,3
193,283,2
654,17,2
276,44,5
579,23,5
810,248,1
50,162,1
967,159,1
366,145,4
513,100,3
770,201,3
998,67,1
340,209,5
104,258,2
25,196,4
601,20,3
166,78,4
81,48,2
906,111,2
788,83,5
529,268,3
459,68,3
298,185,5
877,221,1
913,199,2
214,39,2
581,255,1
825,8,2
785,159,5
889,45,4
97,233,3
174,152,2
70,144,5
373,181,1
73,92,4
265,243,3
782,227,2
963,64,5
500,21,3
880,147,4
419,67,4
376,263,5
975,161,3
86,212,5
461,135,1
636,30,2
717,288,1
159,54,3
385,82,5
409,38,2
398,237,1
358,239,4
658,274,4
112,44,2
750,56,4
787,222,2
412,169,1
325,176,5
498,109,4
118,143,4
40,280,2
972,241,2
656,110,3
582,17,5
793,195,1
959,186,4
485,110,1
217,12,4
277,130,2
86,73,1
281,208,1
306,232,4
538,110,3
189,28,1
917,220,3
987,153,2
204,179,4
494,244,5
706,83,4
364,293,4
843,6,5
802,102,1
741,297,5
149,166,3
15,78,4
957,76,4
886,163,1
812,209,3
534,2,4
966,65,4
655,297,1
38,112,2
431,280,2
616,194,2
357,108,2
996,296,1
380,187,1
310,158,5
839,64,4
665,234,4
421,181,3
849,278,4
536,172,1
949,91,4
439,192,2
567,84,5
447,196,3
866,224,3
719,51,1
826,54,1
666,9,5
955,211,1
509,279,1
649,228,5
596,17,3
873,216,2
229,233,5
391,59,2
877,241,1
360,238,4
930,203,1
963,192,2
520,146,3
901,136,3
859,213,2
5,213,1
16,14,2
810,192,5
840,163,3
175,293,4
248,285,4
198,202,1
821,296,4
132,200,2
413,163,5
163,224,2
102,65,5
122,296,4
864,134,5
163,166,2
96,48,1
448,6,5
157,15,5
725,279,1
586,196,1
761,67,4
650,184,2
246,114,3
199,275,2
744,194,3
676,27,3
85,74,1
654,297,1
114,236,5
126,55,2
290,135,2
96,40,4
865,186,2
401,52,4
815,12,4
76,250,1
216,215,4
912,161,4
828,83,2
306,6,2
676,291,5
876,17,1
1000,176,3
496,280,1
163,268,3
949,63,2
621,16,5
24,266,5
780,79,2
888,187,1
921,112,1
336,71,2
86,65,3
281,247,2
977,48,3
726,283,3
479,254,4
525,205,2
257,89,2
704,144,4
106,299,5
320,85,2
977,250,4
905,229,4
611,140,3
638,56,5
393,220,2
581,181,3
920,33,4
172,18,5
260,210,3
619,272,3
408,16,1
185,166,4
810,96,3
252,38,2
673,191,3
149,161,1
10,164,1
735,169,2
477,291,3
921,120,5
68,198,3
617,109,5
223,53,5
285,39,5
915,216,4
326,164,2
202,26,4
511,24,3
432,62,1
464,88,5
335,197,2
591,11,3
19,295,1
934,237,3
135,207,1
918,274,5
41,173,1
72,241,1
850,213,3
282,163,3
410,41,5
794,161,4
628,25,4
306,233,4
870,63,3
961,53,1
230,25,1
143,54,3
883,224,2
175,46,2
742,189,5
6,27,3
905,23,1
50,156,1
271,169,5
811,195,3
716,88,2
598,236,1
130,164,2
772,300,4
653,229,1
535,271,2
592,245,4
1000,144,3
792,248,2
95,136,3
729,43,3
572,125,2
712,40,1
996,254,1
218,7,2
480,198,2
500,54,3
214,271,5
880,161,3
726,233,2
869,259,1
937,67,2
939,187,4
999,232,5
526,104,4
193,36,3
434,85,3
975,296,1
151,237,1
763,57,2
17,236,2
274,15,4
678,272,4
361,136,1
950,282,1
363,221,2
155,204,5
442,261,3
55,226,3
379,51,1
665,196,4
199,151,2
413,91,5
283,272,5
506,266,4
112,26,2
982,57,2
118,28,1
590,137,2
68,273,1
283,116,5
717,208,4
403,52,2
752,138,4
211,88,2
356,148,5
295,2,1
190,258,5
489,157,2
175,162,1
171,96,3
922,234,2
986,7,4
439,172,1
182,136,1
175,5,5
361,243,5
2,251,2
484,57,1
839,9,5
697,149,2
538,258,2
774,76,1
103,156,3
464,252,3
559,132,4
260,187,4
14,181,3
728,171,5
794,248,1
277,266,1
152,211,2
676,73,3
510,16,2
592,221,3
212,46,2
943,194,1
989,141,5
921,231,5
180,136,3
910,170,4
604,214,3
317,98,1
594,267,3
855,63,4
815,233,5
992,178,3
113,5,4
950,76,4
698,77,5
990,149,5
572,84,3
499,148,1
819,151,1
465,21,2
290,64,1
501,157,1
441,181,1
52,129,2
359,146,5
682,288,2
977,45,3
147,101,4
600,42,3
225,17,4
956,182,2
832,198,4
409,51,3
943,155,5
319,89,5
447,166,5
143,103,3
139,214,5
205,155,3
88,153,5
950,237,5
188,193,4
99,71,5
453,161,5
958,184,4
363,219,4
431,211,4
29,287,1
981,216,1
774,72,5
929,155,2
595,263,3
131,279,5
899,151,1
774,202,2
413,4,4
827,266,4
860,28,1
57,139,1
342,50,3
580,247,3
886,32,1
759,300,5
758,28,2
529,74,5
759,254,2
229,80,3
644,160,1
825,249,5
705,103,1
69,1,2
619,62,5
100,127,2
107,243,1
853,259,4
401,29,1
308,208,4
189,121,5
267,225,5
127,222,2
652,12,2
146,124,2
524,280,2
488,246,3
297,52,5
505,189,3
401,198,1
476,214,4
152,15,3
469,62,5
399,6,5
311,18,5
456,22,3
986,72,4
904,235,3
10,82,3
513,258,2
358,269,4
526,33,2
672,78,3
672,289,3
471,72,3
804,156,4
70,248,4
986,242,5
675,93,5
726,260,5
266,67,3
603,298,3
599,207,1
47,16,2
238,50,1
512,244,3
779,119,2
108,90,4
774,216,1
64,129,1
39,38,4
782,192,5
647,16,2
329,56,4
387,69,5
570,103,2
259,252,4
696,147,2
207,83,4
834,271,2
89,299,1
645,50,2
35,72,1
369,209,5
560,37,3
190,271,4
195,107,5
848,243,5
361,183,5
922,287,2
821,35,4
438,193,1
583,41,2
802,265,3
104,61,4
237,27,5
554,170,1
230,149,3
400,184,1
894,81,3
77,274,5
248,266,5
513,160,4
634,30,5
715,57,5
483,135,1
34,174,4
268,103,3
910,31,2
210,281,3
947,32,2
506,38,5
927,19,3
73,214,5
758,42,5
491,67,3
741,22,1
37,255,5
231,180,4
490,156,2
22,29,1
793,101,5
623,195,1
566,247,1
397,194,2
441,219,5
142,60,4
121,189,3
199,176,4
941,30,2
238,48,5
11,117,4
766,275,5
47,8,2
833,30,1
59,65,4
185,145,1
322,180,5
671,126,3
133,204,4
674,63,1
79,129,5
211,254,3
920,113,4
731,155,3
799,283,3
890,126,5
915,137,3
715,278,5
107,28,3
923,211,5
498,144,1
209,71,5
237,157,5
216,63,3
743,73,1
241,226,4
976,59,1
511,18,3
285,197,3
848,44,1
286,197,4
20,196,4
455,23,2
211,195,2
676,221,5
54,157,1
555,179,1
932,173,3
830,111,1
350,223,4
802,30,1
567,199,3
880,274,4
435,294,5
788,266,3
167,196,4
764,122,2
930,8,3
819,141,1
256,278,3
346,293,4
40,141,3
276,129,5
13,64,3
583,165,3
868,92,4
474,9,4
10,239,1
990,184,4
654,285,2
419,30,5
962,41,3
919,283,3
977,33,4
185,133,3
266,254,2
233,90,2
893,26,2
118,20,2
701,260,4
594,163,1
567,117,1
975,133,3
17,181,5
736,23,5
241,180,1
80,260,4
116,262,1
243,105,3
585,191,4
74,219,3
147,13,3
622,185,3
999,209,3
482,151,5
32,83,3
46,149,2
934,14,1
624,109,3
524,261,5
730,177,2
388,299,1
673,77,4
781,41,1
982,115,5
516,295,5
752,215,5
751,63,5
818,27,5
484,269,5
452,163,3
200,295,3
933,125,3
249,186,2
467,162,1
710,124,4
751,210,3
82,181,5
518,40,3
670,248,5
236,230,4
236,292,2
948,276,2
796,209,5
682,71,5
267,147,3
322,61,1
419,216,5
152,295,4
648,102,2
898,233,1
171,62,4
270,284,4
761,52,2
891,18,4
25,86,1
136,264,5
941,199,4
363,66,4
714,286,2
730,151,1
345,173,5
624,56,1
76,182,4
933,210,4
759,224,3
776,245,2
752,94,5
939,261,1
156,4,5
608,190,4
389,165,4
181,261,5
287,50,2
305,253,3
50,289,5
919,269,5
521,219,3
331,197,3
776,92,2
43,108,4
532,143,5
901,161,1
356,146,2
122,148,3
499,225,2
907,87,3
962,133,5
772,55,2
683,143,2
99,106,5
859,261,2
29,21,5
551,100,1
501,14,3
209,145,5
437,228,5
130,233,3
941,57,1
456,222,4
270,45,2
286,60,3
823,41,2
745,39,3
161,260,3
283,233,5
689,38,3
914,20,4
103,267,3
195,286,1
972,5,2
141,193,2
690,101,3
482,78,4
834,96,4
290,68,2
651,46,5
878,110,1
445,35,4
572,107,2
40,215,3
629,195,5
241,179,4
544,93,3
861,119,3
685,249,4
816,201,5
366,279,4
303,50,2
116,148,4
993,229,3
254,218,1
181,238,3
677,59,3
714,204,2
793,248,4
616,211,2
30,149,3
520,111,4
63,288,3
268,163,4
401,227,4
409,134,1
275,249,2
348,24,3
459,210,2
587,86,5
212,57,5
626,169,2
620,277,1
974,11,4
93,171,3
786,284,1
671,26,5
216,186,5
204,81,5
406,118,3
821,83,3
340,212,2
567,128,1
37,11,5
105,257,4
811,249,1
161,145,3
25,118,2
35,140,1
833,194,4
135,139,1
79,38,5
740,213,1
16,278,5
942,78,1
754,201,2
852,160,3
436,263,1
310,141,4
208,52,3
993,296,4
386,150,4
96,114,4
575,143,4
292,274,5
251,196,1
509,202,3
782,280,1
464,115,5
999,13,4
790,119,4
379,245,5
112,160,3
148,43,1
575,87,2
886,251,5
256,43,2
413,243,5
741,291,2
61,253,3
422,160,3
855,78,1
330,290,5
417,3,3
707,108,5
814,251,5
512,161,2
330,237,4
527,285,1
944,54,4
717,40,4
131,7,2
533,63,2
203,225,1
40,218,4
175,269,4
144,281,4
409,5,3
121,223,3
738,139,5
331,191,5
666,85,2
298,268,2
823,191,5
620,129,4
474,108,3
950,70,2
537,243,1
326,214,2
154,241,1
6,160,2
205,49,5
470,170,1
63,240,5
161,35,3
652,287,2
354,8,2
282,146,4
599,157,3
640,207,3
575,278,2
80,79,1
749,111,3
183,135,5
105,65,5
602,197,3
590,142,5
685,243,2
173,2,2
222,47,5
151,74,2
487,1,3
80,27,2
524,226,4
681,242,3
310,257,1
247,287,4
387,198,4
364,160,5
325,272,1
905,110,2
969,143,2
861,224,5
453,251,3
702,62,5
922,223,3
183,13,3
876,239,3
746,218,2
632,287,2
392,192,2
956,6,2
453,185,5
200,3,5
318,169,1
933,189,3
515,7,5
280,18,3
658,246,4
45,130,3
641,30,5
844,16,4
623,233,4
178,243,5
827,54,1
379,15,5
916,79,2
892,68,1
430,62,1
455,32,3
100,279,3
874,100,5
756,9,3
858,163,2
928,188,5
15,207,4
858,32,1
198,257,2
747,137,1
177,228,1
283,102,5
420,89,1
319,141,5
360,61,3
478,291,1
580,238,1
120,47,2
748,45,2
326,11,2
808,6,2
654,192,4
84,127,3
858,98,2
318,28,4
723,147,2
286,72,5
324,212,2
856,97,3
905,103,2
303,133,4
271,48,4
364,297,3
358,268,4
850,88,1
973,300,4
160,276,5
216,223,3
662,148,2
351,258,5
850,138,1
526,108,3
224,240,3
33,60,5
675,96,4
144,240,5
331,191,5
387,18,3
719,54,3
891,5,2
432,244,3
345,52,2
936,184,3
167,240,5
191,12,4
829,234,5
590,223,4
485,125,3
741,192,5
346,248,4
308,21,2
782,260,1
432,219,3
977,296,4
608,15,2
525,86,3
908,269,2
975,291,2
134,171,1
994,47,3
812,73,3
470,203,2
472,1,2
206,89,3
315,42,2
242,105,4
93,126,2
702,285,3
6,245,2
353,52,4
564,202,2
935,242,4
852,238,2
782,50,4
132,163,2
410,168,3
840,218,5
404,274,1
356,251,5
28,114,5
183,121,3
371,175,5
843,1,5
614,204,1
662,118,2
512,97,1
217,155,4
96,174,4
670,93,4
155,146,3
397,247,1
268,216,2
168,204,5
855,55,4
826,43,3
703,52,4
823,7,2
327,66,5
520,197,4
12,249,4
433,28,3
436,133,1
619,231,5
382,243,3
865,274,3
115,92,4
545,197,1
154,4,3
971,133,2
528,233,4
50,238,3
41,63,4
472,188,1
911,190,3
436,173,3
786,13,5
274,92,3
366,214,1
458,167,3
652,19,5
115,183,1
545,203,2
180,44,5
97,65,2
649,253,4
915,141,3
996,235,5
250,269,5
470,21,1
335,191,1
151,52,4
525,41,3
950,155,4
411,12,2
974,132,1
857,222,1
813,99,5
268,156,5
527,277,2
711,26,3
588,243,2
779,224,3
765,96,3
514,24,5
409,93,3
280,3,4
213,10,4
673,67,3
274,237,5
810,163,1
227,116,1
727,167,2
66,148,5
847,236,5
431,169,5
399,244,5
13,176,3
328,178,4
156,237,4
216,273,2
690,200,3
413,17,5
991,41,4
575,177,1
213,272,3
312,150,3
463,240,1
160,300,2
640,181,5
442,213,1
770,146,5
762,252,2
385,276,2
388,64,1
406,112,2
114,293,3
183,82,4
564,210,3
770,112,4
923,143,3
789,186,1
681,163,5
549,273,4
231,207,4
775,238,3
846,231,2
947,91,4
296,2,5
850,172,4
672,89,1
393,298,4
998,215,4
194,15,5
230,71,5
635,258,1
614,293,4
969,12,3
625,128,2
583,242,1
975,190,1
761,200,5
524,99,2
469,189,2
180,242,2
331,68,3
67,16,2
592,237,4
251,228,2
816,91,4
513,57,5
858,170,2
251,237,1
8,17,4
888,267,4
883,198,1
802,214,3
905,276,1
733,274,1
450,247,1
300,204,1
373,205,5
645,226,4
807,64,1
150,135,5
772,58,2
376,212,3
146,125,4
216,136,1
338,38,4
921,252,2
776,134,3
303,228,3
807,231,3
582,141,5
37,72,2
535,148,1
227,190,5
372,150,3
968,82,5
650,157,4
731,226,3
159,66,2
623,150,4
264,117,1
872,109,5
311,76,5
13,133,3
739,261,5
416,245,5
922,88,3
660,80,5
874,257,3
536,192,4
887,249,2
892,269,4
180,248,4
15,34,3
231,159,2
230,77,3
624,62,2
366,256,4
584,7,5
920,117,2
373,17,4
642,51,3
520,35,3
567,274,5
894,41,1
458,291,5
254,126,3
817,94,2
234,234,2
42,137,5
285,47,2
751,33,2
536,156,1
213,117,2
600,298,4
476,51,5
903,27,3
809,38,2
490,60,4
86,244,2
103,278,5
221,250,3
583,5,5
441,58,4
797,100,5
826,234,1
258,209,5
278,253,2
337,260,4
527,146,3
271,273,2
350,141,5
516,159,4
115,94,4
7,164,5
482,254,2
184,34,4
690,156,1
948,227,3
654,276,2
199,56,2
219,158,5
313,164,5
484,53,3
950,108,5
689,80,3
161,99,4
805,88,2
625,81,3
980,265,4
670,214,3
235,135,4
957,156,3
149,157,3
745,182,3
461,158,4
577,202,4
6,207,1
992,210,3
662,72,4
786,141,1
839,104,2
678,132,3
853,192,1
330,219,4
334,286,5
757,103,2
633,258,4
877,141,1
77,125,2
334,246,5
482,24,4
705,250,2
287,193,1
104,29,3
283,276,3
449,146,1
484,69,1
333,212,2
895,78,5
307,294,2
576,46,4
252,168,5
560,134,5
544,150,1
144,35,3
981,185,4
766,110,2
329,240,2
472,186,3
204,133,3
619,12,2
123,211,4
406,250,1
852,271,1
935,263,3
17,290,4
33,259,3
810,276,4
290,295,3
650,35,1
579,48,5
800,58,5
163,263,1
588,240,5
666,98,1
786,221,3
477,232,2
667,170,1
187,295,3
465,271,4
911,11,4
589,151,1
639,200,1
9,116,3
438,78,3
877,115,5
691,168,5
469,103,5
948,182,5
157,97,2
212,158,2
104,14,5
617,21,2
554,179,1
336,162,2
674,107,2
311,84,4
278,120,2
791,182,1
141,226,1
855,193,1
455,107,4
51,229,4
409,102,2
790,195,5
835,64,1
993,90,5
936,297,5
125,84,2
124,251,5
367,163,4
196,108,1
819,260,3
490,131,5
115,234,1
8,195,4
410,52,3
370,159,1
445,154,2
719,44,4
897,242,1
975,141,3
47,73,2
182,290,1
132,266,2
144,241,1
63,108,3
381,213,2
430,89,2
959,266,2
760,93,3
901,57,2
31,255,2
314,207,3
931,136,5
329,15,1
340,15,4
36,74,4
48,277,4
781,269,2
162,52,1
358,115,1
430,34,1
992,244,4
426,275,4
138,1,3
488,241,3
132,166,5
375,50,4
505,293,2
129,113,5
133,74,2
676,43,1
735,207,3
909,54,2
232,129,2
748,155,3
728,237,5
533,265,5
905,137,2
336,217,3
678,75,5
755,18,4
648,25,2
187,8,2
650,18,2
166,204,3
12,293,4
496,177,2
644,296,4
463,110,4
637,135,5
451,61,3
672,264,3
346,96,3
350,250,5
468,50,3
782,266,3
65,188,4
658,14,5
130,49,2
999,235,1
124,282,3
130,178,3
464,224,5
963,43,5
187,204,5
200,73,2
795,9,2
752,182,5
616,78,5
881,272,5
49,273,3
553,118,5
171,192,2
103,85,5
232,78,5
965,218,2
286,26,4
304,200,5
996,216,4
480,165,2
739,154,1
77,129,5
685,160,2
946,35,1
774,211,2
148,247,2
783,125,4
806,82,4
401,100,2
855,180,1
232,142,2
915,206,1
744,300,2
211,228,2
689,142,3
12,61,5
319,269,1
791,242,2
677,225,3
842,64,5
761,233,2
73,175,3
973,21,4
859,131,1
642,239,4
600,87,4
777,150,2
536,53,1
750,186,2
891,254,4
432,30,1
886,144,3
927,129,5
337,215,3
366,43,1
104,249,2
600,254,2
606,223,3
107,250,5
622,290,4
622,266,4
44,56,5
859,51,5
98,61,2
370,298,5
432,202,1
356,226,4
588,268,1
963,205,4
686,14,2
581,93,1
646,169,1
300,212,1
747,234,3
368,177,3
997,128,3
457,25,3
470,135,2
215,286,5
664,165,4
772,179,2
865,256,1
342,181,5
552,117,3
849,157,1
937,47,4
321,255,2
775,196,2
272,249,3
346,225,3
773,82,2
331,9,1
195,298,3
931,260,5
304,287,5
183,204,5
713,39,2
96,47,5
937,208,3
150,175,5
363,204,2
944,198,1
866,151,5
584,43,3
231,227,1
252,281,2
684,141,1
507,115,2
252,116,4
664,111,2
13,152,2
988,11,5
495,225,4
570,283,5
197,212,2
869,266,5
410,295,4
765,134,3
823,135,4
380,187,2
328,277,3
79,69,3
881,127,5
593,66,1
940,260,4
549,161,1
827,117,3
735,284,2
477,138,5
857,28,4
634,225,4
606,224,1
977,88,1
574,230,5
666,30,3
489,76,1
699,182,1
978,142,5
259,15,5
503,221,2
406,111,4
318,276,3
339,120,5
818,261,4
148,277,5
323,4,5
55,184,5
123,37,5
66,272,4
748,83,2
255,92,2
31,254,1
340,46,1
969,207,5
718,199,4
391,243,2
868,176,2
99,160,3
182,221,3
512,47,2
267,206,2
233,180,1
348,232,1
537,132,1
901,32,5
61,192,1
173,1,5
13,3,3
394,157,1
820,291,5
384,36,2
194,256,2
549,112,3
100,80,5
384,294,2
913,226,2
520,77,4
32,20,5
910,62,3
958,150,1
358,93,5
531,86,1
510,99,5
159,173,4
951,281,4
803,230,1
685,284,1
347,127,3
145,123,4
193,207,1
367,31,4
831,51,5
94,165,5
577,295,5
535,202,5
659,103,3
329,70,4
782,102,3
967,219,4
446,194,1
503,13,4
107,165,5
496,200,3
510,148,1
541,22,2
970,46,3
914,293,5
178,161,1
548,15,1
990,156,4
193,181,5
54,223,5
537,92,5
380,23,2
102,235,2
914,114,3
75,105,4
212,293,5
16,24,4
211,60,3
5,124,3
182,200,2
381,206,1
160,73,5
253,133,4
697,293,3
210,140,4
707,6,4
844,212,4
285,98,4
260,6,4
43,230,2
679,115,1
653,59,1
163,251,1
188,275,3
172,132,4
292,275,3
292,292,3
112,62,4
843,104,1
569,255,2
131,266,1
481,246,1
115,118,1
854,199,2
86,35,2
447,190,4
757,74,4
612,22,5
786,97,2
743,163,1
583,8,2
350,129,2
359,237,2
924,29,4
390,79,3
518,33,2
189,100,3
674,225,1
893,226,1
864,126,5
542,148,5
165,74,5
988,163,1
115,34,4
531,274,1
634,87,3
380,20,2
924,54,2
7,196,1
577,30,4
788,291,1
878,115,1
578,280,1
21,244,5
661,198,3
703,199,4
933,122,4
628,129,3
652,233,4
942,79,4
550,185,2
148,147,2
987,199,3
904,83,3
758,11,4
825,154,2
44,236,4
728,278,2
412,65,3
214,208,4
905,214,4
752,232,4
976,199,4
373,173,3
682,205,2
741,272,2
252,112,2
583,100,5
373,238,5
884,210,3
660,158,2
403,73,4
112,278,4
308,212,1
205,112,3
565,81,4
960,265,4
185,227,1
711,106,4
582,89,3
764,289,2
657,206,5
801,102,2
422,163,4
252,67,4
324,272,1
693,50,1
88,11,1
943,28,3
874,47,3
954,183,2
762,78,2
315,34,3
639,162,5
927,229,4
347,90,3
311,52,5
164,78,2
426,61,5
933,210,2
576,283,4
717,144,2
1000,59,2
932,228,1
774,21,2
902,196,4
389,245,2
786,11,5
705,186,4
599,293,2
459,11,4
970,291,3
907,174,1
908,190,1
182,70,5
308,202,2
114,101,3
300,43,3
618,254,1
637,214,2
374,130,2
526,144,5
926,13,4
327,86,1
665,123,3
270,230,4
346,21,3
768,235,1
341,283,1
134,6,5
20,155,4
205,241,4
398,19,3
714,193,3
376,263,4
417,176,2
966,178,3
566,99,4
289,137,1
936,231,1
825,164,5
918,59,1
831,66,1
249,39,2
383,34,2
586,122,1
885,39,1
741,7,3
892,37,2
597,236,3
805,55,5
125,29,2
205,42,2
94,47,1
444,120,2
52,41,4
329,272,2
488,102,4
620,96,4
295,32,4
190,260,1
82,91,2
270,74,5
590,97,1
720,39,2
192,165,2
167,203,5
304,212,5
656,147,2
437,129,3
754,124,5
8,129,3
773,83,1
64,33,4
353,31,5
774,221,1
691,229,1
763,46,3
603,186,5
695,34,5
269,164,4
367,246,3
512,154,4
321,280,2
234,88,1
708,181,4
477,237,3
946,207,4
890,238,4
157,73,4
430,13,2
808,163,4
892,77,4
375,8,4
811,89,2
608,95,2
98,9,4
484,77,3
346,102,1
510,201,2
311,282,3
234,98,4
622,256,4
446,82,4
993,31,3
985,55,1
976,166,4
623,149,2
241,266,4
823,111,4
503,7,3
647,82,3
646,160,5
440,63,5
133,272,3
350,192,2
379,290,4
65,10,4
379,214,2
215,168,2
932,161,4
806,144,5
349,296,3
716,100,2
989,165,5
995,118,5
625,122,2
501,289,4
912,10,3
524,49,4
769,76,5
330,42,5
503,237,5
923,137,1
461,200,2
811,142,2
373,31,4
253,115,1
336,183,5
495,288,2
803,140,3
497,161,5
905,275,2
844,97,5
620,62,3
752,32,2
537,259,3
255,193,4
718,6,3
268,105,2
304,13,1
668,216,1
378,239,2
458,196,5
161,228,3
111,141,4
283,102,5
465,146,2
601,66,3
980,9,1
54,168,5
489,189,2
323,193,5
27,223,3
406,92,3
628,18,3
332,290,5
41,262,1
741,68,4
66,35,2
156,53,5
168,121,1
773,185,3
347,42,4
352,36,4
411,280,1
538,214,4
712,80,5
843,46,2
460,82,1
782,134,2
246,29,5
25,27,2
491,22,1
225,120,2
978,71,5
328,166,4
775,203,1
523,149,4
25,213,5
70,21,2
604,19,2
236,299,4
8,179,1
596,189,5
921,85,4
218,78,5
8,145,3
570,192,5
398,82,2
773,132,3
201,168,3
403,62,3
463,15,4
618,263,4
210,95,1
43,199,1
761,106,2
778,292,3
853,110,5
838,156,3
475,28,2
581,130,2
524,13,3
13,111,2
882,171,2
512,199,3
469,201,5
772,85,4
492,288,5
293,128,1
632,55,1
874,16,5
52,6,3
953,1,3
456,196,5
985,82,1
55,189,2
662,98,4
760,191,1
287,214,1
305,18,1
310,73,3
468,105,1
942,16,4
179,8,1
89,121,4
891,297,5
280,139,1
720,289,4
65,79,2
67,204,4
31,20,4
443,239,4
180,7,5
919,23,1
983,144,3
737,246,2
822,137,1
688,140,2
241,230,1
666,23,5
856,223,5
975,251,2
733,25,3
373,46,5
377,234,4
558,84,3
675,191,5
554,75,3
753,178,4
179,298,4
382,240,3
786,150,2
834,254,5
418,185,4
89,130,2
341,184,4
462,277,2
912,22,3
519,75,5
350,277,2
872,294,2
836,106,4
84,215,1
514,279,1
533,54,5
5,131,5
681,85,2
701,172,4
120,167,3
562,203,5
673,202,2
591,180,4
705,55,2
656,233,2
855,97,1
915,259,1
508,74,1
712,157,2
774,208,3
846,108,5
654,50,2
25,9,1
303,62,2
191,37,1
260,232,1
433,184,4
11,154,3
398,192,2
312,220,5
604,245,5
608,22,4
33,256,3
360,16,3
718,243,4
771,276,1
433,180,4
28,195,1
986,250,1
487,130,5
95,43,2
742,49,4
389,173,2
619,241,1
331,159,5
796,232,2
629,211,1
11,66,5
884,15,5
456,36,5
186,238,3
714,290,4
821,275,1
260,300,1
715,265,4
179,232,3
875,84,1
298,170,4
113,80,1
204,247,4
256,3,4
795,91,4
45,155,2
229,175,5
866,253,2
731,228,1
104,85,2
136,289,1
449,255,3
814,221,1
726,269,3
651,279,1
429,243,1
286,224,5
719,217,1
67,45,3
899,184,4
411,260,2
929,71,1
25,83,1
585,96,2
457,280,3
571,135,4
69,95,5
424,60,5
41,119,2
151,154,2
765,201,1
381,31,5
808,7,1
538,137,5
544,5,3
902,71,3
943,125,4
821,110,2
680,244,4
491,110,1
177,199,5
649,278,1
150,66,5
149,35,4
526,38,5
169,127,4
860,186,2
848,135,4
62,222,1
892,165,4
29,99,3
401,231,5
857,116,2
491,261,4
662,81,2
614,267,3
510,39,4
615,16,4
68,288,1
722,75,1
379,143,4
288,238,3
311,275,5
335,158,4
524,250,4
776,287,5
614,294,2
481,173,1
709,251,3
546,265,5
647,33,3
645,138,3
896,148,5
526,117,3
950,166,2
580,98,3
996,157,2
846,172,5
693,211,3
271,218,2
787,72,3
195,186,5
567,165,2
818,237,5
533,89,1
742,150,2
211,173,2
909,255,3
252,201,4
735,139,5
471,276,3
150,131,5
74,130,1
990,193,5
403,2,1
194,131,4
466,282,5
841,142,5
582,216,2
273,27,4
644,251,5
111,244,4
397,161,1
144,93,1
371,28,1
868,36,3
111,281,5
275,66,1
948,217,2
41,291,1
11,58,3
640,142,3
441,124,2
226,293,3
951,283,3
861,122,2
24,284,5
325,113,2
826,197,2
555,9,2
94,293,5
998,139,4
128,49,2
866,209,2
248,236,5
170,89,2
287,55,1
245,158,4
594,198,4
219,119,1
868,42,4
730,228,4
154,197,5
769,195,1
555,140,2
903,252,4
809,269,3
330,11,4
520,199,4
622,106,3
148,40,5
858,194,2
807,207,2
224,161,3
415,141,2
733,149,2
389,241,1
703,289,2
661,34,4
731,12,4
586,177,3
391,11,4
447,229,4
92,224,3
357,118,3
376,134,4
162,87,2
875,300,5
614,272,2
867,19,4
374,25,2
93,82,1
631,284,1
257,41,5
955,131,4
153,151,2
880,224,3
892,96,2
420,160,2
534,35,2
893,48,5
54,294,2
296,281,4
965,217,2
242,9,2
618,40,1
792,52,3
837,92,5
128,237,5
780,189,2
157,274,2
252,5,3
876,88,3
526,11,5
517,30,4
139,86,1
481,80,2
248,189,5
802,143,4
252,233,2
728,57,2
166,22,1
387,70,1
295,236,5
819,251,4
564,278,4
911,269,4
986,267,3
806,296,4
770,129,5
960,209,2
516,256,2
825,19,2
76,189,3
119,212,4
385,154,3
25,162,4
204,9,2
446,76,4
886,72,3
406,126,2
17,117,4
259,250,4
478,239,3
904,105,4
134,213,1
252,75,1
303,192,1
359,239,4
909,222,1
613,151,3
841,263,5
489,21,4
70,181,3
199,159,5
170,6,1
150,288,3
62,13,5
224,267,3
25,230,4
343,236,3
637,168,3
377,27,5
600,64,4
777,250,4
782,264,1
683,281,5
519,35,2
956,194,3
677,226,3
148,73,2
96,197,3
404,113,1
46,156,1
977,69,2
429,292,2
428,78,4
561,291,3
939,108,1
68,84,1
272,248,1
225,240,2
948,253,1
82,236,3
632,191,4
979,133,5
572,281,3
647,168,5
160,267,3
826,126,2
835,12,4
495,140,3
963,261,3
511,208,1
975,154,3
110,76,5
229,113,2
476,79,1
715,278,5
372,212,4
430,291,3
307,42,2
167,247,1
794,161,1
447,208,4
158,213,4
32,171,3
122,158,2
499,252,4
603,110,4
441,121,3
250,85,3
164,168,5
386,43,1
85,43,1
154,277,4
505,48,2
53,2,4
182,17,2
299,188,3
683,293,1
42,85,3
339,52,1
597,43,1
630,1,2
809,88,4
844,252,1
274,150,5
857,270,1
852,146,2
67,237,5
873,134,2
659,264,1
509,115,3
33,202,3
681,84,4
830,232,3
975,261,3
301,206,4
827,121,3
683,168,2
247,237,2
721,80,1
82,31,5
897,61,2
111,230,2
153,38,3
789,171,3
594,123,4
446,210,1
953,283,5
310,108,4
672,18,3
161,201,2
354,34,1
33,130,4
192,255,4
675,204,3
461,69,3
764,217,3
982,291,2
8,85,3
426,48,4
897,172,2
44,72,2
526,254,3
930,104,2
428,20,1
647,185,3
820,191,3
3,54,4
791,257,2
217,76,3
697,259,3
544,201,5
605,101,4
789,21,4
988,281,3
552,234,1
292,171,1
418,33,4
850,214,4
937,293,2
946,162,5
229,231,3
308,20,2
685,297,3
405,136,1
544,118,1
228,231,2
407,2,4
49,39,3
549,280,4
17,257,3
788,27,4
595,110,5
678,283,3
799,60,2
948,200,5
744,169,2
559,103,1
702,220,1
337,126,4
22,51,2
954,133,2
674,150,3
426,83,4
209,84,3
100,148,3
556,281,1
79,80,1
874,2,2
68,139,2
117,232,3
125,257,5
477,262,1
493,143,1
365,48,3
181,199,2
559,129,1
933,45,1
167,75,3
165,268,5
199,246,3
31,175,4
812,222,1
827,263,4
218,86,2
636,248,5
766,35,2
855,254,5
790,235,4
330,189,2
922,22,1
464,97,1
585,182,1
681,191,3
426,4,3
883,238,1
138,50,5
534,288,1
608,70,4
507,284,5
744,175,1
640,17,3
252,160,5
842,218,3
40,55,1
962,154,2
713,133,4
157,144,3
871,211,1
999,272,3
77,256,3
757,154,4
24,14,3
336,95,1
891,71,5
618,52,3
117,49,3
787,171,3
910,64,2
591,109,5
820,41,2
51,142,3
862,282,5
935,41,5
958,296,5
305,283,3
103,207,1
320,216,1
674,171,3
759,27,2
71,49,5
5,55,4
44,241,3
416,278,1
271,82,5
963,288,2
84,172,2
190,292,1
646,9,4
224,65,2
756,261,2
418,3,5
897,140,5
814,97,4
561,122,1
441,109,5
683,199,2
845,271,3
353,70,4
998,211,5
295,138,2
632,64,4
262,255,1
118,208,5
196,130,2
591,95,5
123,128,2
729,21,2
256,24,1
701,203,2
989,112,3
983,58,5
3,108,1
850,8,4
110,175,2
458,74,2
742,64,3
333,211,4
676,266,3
455,104,2
212,200,3
193,125,4
501,141,4
51,130,1
444,238,2
63,31,4
537,149,2
424,57,3
145,146,3
182,219,1
485,272,1
601,233,3
311,115,4
206,142,4
987,200,3
165,246,2
449,69,1
800,121,4
394,113,5
522,75,1
275,190,5
261,51,3
883,265,3
765,207,1
65,291,1
248,145,3
830,126,5
877,295,5
944,94,4
542,2,2
982,11,3
787,284,4
582,175,1
493,100,2
112,157,4
258,140,5
205,206,5
579,289,3
99,195,4
640,101,2
333,24,3
366,242,2
546,171,4
234,221,5
17,40,1
579,71,2
421,23,2
479,212,5
757,38,1
698,281,4
736,70,2
756,110,2
380,50,1
263,6,5
419,62,3
659,231,2
96,175,2
627,61,1
825,129,5
550,124,1
488,142,5
172,4,4
837,111,4
909,170,1
91,258,5
235,295,3
1,219,3
958,183,4
570,85,1
757,50,5
22,141,2
177,81,2
756,24,2
201,108,2
136,152,4
63,231,2
634,69,1
121,105,3
643,154,4
158,33,2
486,194,1
176,192,1
546,90,4
112,44,2
217,38,2
426,56,4
235,86,3
731,267,5
906,272,5
921,300,3
908,232,2
849,273,5
221,230,4
177,228,3
324,134,5
220,11,2
416,152,4
792,275,4
950,47,5
119,65,1
236,274,1
574,246,4
932,298,2
55,266,2
552,119,2
247,26,5
879,279,1
248,276,5
86,174,5
551,48,3
268,171,5
140,92,1
438,252,2
144,113,1
531,76,5
453,37,4
739,280,1
756,165,4
169,142,3
31,17,1
799,14,1
884,16,1
331,85,5
84,43,2
493,51,4
803,276,3
59,14,2
362,161,4
689,59,5
662,149,3
268,82,1
559,76,5
685,296,5
489,148,4
535,40,2
180,148,5
637,22,3
389,241,1
520,223,4
27,23,5
51,2,3
908,126,4
354,175,1
371,265,3
543,77,4
387,289,1
242,212,2
817,138,5
234,165,3
678,26,3
318,88,5
385,22,5
732,21,4
55,209,2
247,211,5
877,286,4
633,182,1
791,270,2
129,34,1
275,25,1
887,201,3
855,271,1
912,285,5
757,3,3
641,133,2
561,243,4
902,128,5
199,194,2
542,33,4
275,125,2
690,34,2
714,205,5
695,152,2
535,293,3
418,153,2
22,125,4
775,67,3
740,271,4
220,54,3
984,129,1
474,21,4
299,200,2
364,192,3
888,22,2
413,118,3
349,279,2
301,99,1
685,44,4
387,158,4
812,144,3
526,295,5
518,12,2
749,56,3
248,285,5
532,92,3
340,69,4
625,32,3
39,149,1
874,150,2
210,111,2
994,182,2
849,270,3
602,162,1
405,114,2
826,53,1
97,233,5
478,64,5
50,102,2
608,47,2
505,111,2
415,166,2
41,209,1
741,40,1
941,259,4
777,168,4
98,237,5
879,209,5
738,269,1
11,95,2
841,14,1
601,55,3
798,213,1
563,66,5
537,7,2
705,194,3
484,255,3
747,146,5
123,213,1
904,110,4
377,178,2
908,30,1
319,37,1
892,270,5
294,56,5
300,116,2
407,272,4
352,14,5
143,209,2
175,81,2
622,259,2
76,123,4
282,172,3
429,40,1
262,19,3
134,267,5
418,22,3
646,11,3
244,253,4
439,223,1
532,50,1
765,66,4
800,10,1
967,99,1
533,105,3
400,204,5
91,14,4
158,234,1
329,109,1
976,90,2
261,175,3
54,221,5
564,94,4
586,56,4
642,249,4
782,288,2
637,108,5
852,136,3
768,21,1
248,156,5
6,271,4
799,100,3
306,122,4
884,282,5
140,209,1
218,120,3
630,64,1
105,190,4
708,10,5
842,25,5
378,290,5
725,34,3
293,294,2
958,9,4
262,299,2
413,294,5
966,216,5
587,193,3
851,283,5
778,234,1
911,268,3
149,275,3
594,197,5
255,76,3
579,53,3
22,257,3
584,100,2
912,98,1
190,115,3
800,73,4
414,289,5
984,29,4
638,12,5
485,80,4
656,61,4
783,214,1
658,227,2
768,111,3
576,117,5
622,113,3
687,186,2
921,267,2
674,288,1
857,146,1
919,177,4
909,61,2
924,290,5
445,175,1
563,76,4
605,184,5
693,76,4
677,137,1
803,282,4
587,194,3
417,38,2
16,288,4
829,219,1
689,75,2
827,271,3
586,173,1
258,99,3
409,278,2
247,160,5
279,21,1
853,85,4
771,115,1
7,264,4
615,201,4
65,29,1
854,199,5
207,39,1
685,99,5
343,14,1
969,34,4
541,29,5
664,143,1
301,38,3
56,233,4
793,91,5
201,299,4
658,211,2
52,189,2
653,144,3
18,254,4
454,145,4
167,30,4
907,72,4
782,211,2
611,71,3
20,285,1
764,252,4
945,197,1
165,290,5
69,135,1
407,269,5
270,35,2
204,104,4
238,46,2
978,161,3
733,88,2
354,206,1
479,279,1
476,6,2
870,85,1
81,84,1
389,58,2
769,217,2
845,263,3
136,240,4
560,294,3
386,63,2
224,230,1
913,280,3
315,136,5
51,87,5
331,25,2
885,203,3
523,23,1
442,142,3
55,122,4
210,129,1
408,241,5
111,73,4
759,256,5
175,96,1
15,83,1
900,252,5
550,94,1
644,100,3
532,215,2
587,280,3
753,252,5
449,120,4
888,119,5
249,59,5
182,279,3
419,15,3
235,294,4
983,12,4
805,279,4
413,61,4
490,32,4
882,255,2
922,208,5
799,76,1
374,2,4
554,74,1
675,88,2
230,179,3
691,82,1
403,188,1
796,172,5
459,54,3
415,292,2
751,38,5
667,90,1
585,72,3
582,204,4
774,21,5
605,274,3
241,221,5
624,278,3
803,280,1
976,82,2
914,20,3
818,18,5
709,118,5
444,129,5
993,150,2
306,173,5
525,284,1
663,44,3
356,232,5
520,235,1
712,226,1
366,92,2
917,279,4
459,200,4
201,277,2
27,232,3
390,40,5
66,237,4
626,273,4
394,278,2
878,295,4
518,255,2
858,67,3
529,296,2
506,20,5
326,269,1
409,96,2
378,27,3
905,16,3
774,200,4
746,170,4
583,20,1
690,64,2
287,278,2
798,176,3
275,129,2
957,269,4
472,202,2
144,181,5
302,96,2
650,69,5
758,295,3
809,201,2
888,100,5
984,294,1
349,208,2
267,41,3
192,273,3
740,248,2
936,176,4
172,295,2
414,114,2
352,272,5
801,190,1
229,259,1
574,201,3
375,14,4
532,135,4
973,287,3
17,165,4
792,148,3
230,4,2
314,62,5
845,296,1
949,58,4
614,248,2
49,102,5
854,171,5
242,138,1
89,187,2
404,158,1
334,151,4
111,168,3
208,55,2
747,89,3
635,110,4
488,269,1
244,219,4
872,163,1
17,137,2
714,56,3
974,45,1
795,182,2
468,197,5
542,63,5
537,243,5
62,68,4
7,140,3
133,121,5
540,286,3
412,84,2
958,170,5
829,220,4
60,167,5
519,213,4
552,227,3
306,86,2
505,173,5
346,144,5
648,174,5
433,187,3
807,148,2
515,66,3
981,61,1
832,220,3
27,70,1
904,21,1
160,158,3
655,118,5
663,119,1
982,122,2
659,60,3
890,163,1
214,3,3
349,247,1
535,105,4
569,94,1
291,156,3
872,267,5
632,197,4
601,252,2
512,114,4
460,226,3
659,212,2
765,4,2
376,264,2
942,189,3
215,36,5
224,89,5
828,55,2
195,33,2
205,74,1
642,157,5
95,31,4
757,5,1
533,126,4
269,251,2
209,284,4
354,13,5
170,242,4
532,45,4
182,93,3
492,238,3
267,186,5
643,137,4
139,195,2
884,293,1
334,73,5
93,262,4
392,284,2
748,53,4
55,282,2
736,226,1
661,241,2
65,235,2
204,227,2
949,290,5
990,96,1
334,94,2
159,296,5
932,110,4
903,88,1
751,219,3
674,300,1
656,156,2
567,282,2
243,86,3
669,187,2
809,296,5
209,164,5
963,158,3
428,63,4
743,238,4
225,83,4
297,127,1
585,171,3
887,130,5
831,256,5
733,60,2
915,229,5
845,299,4
3,96,5
179,226,1
166,29,3
253,240,5
933,255,1
220,252,3
142,297,5
969,266,2
134,77,1
832,51,2
813,187,4
747,28,5
193,89,1
905,23,3
780,284,4
622,239,5
516,260,5
449,179,2
710,191,5
366,95,2
653,274,4
947,32,1
207,9,3
310,121,4
661,42,5
876,294,3
113,236,1
356,84,2
893,293,1
24,77,5
172,179,1
95,156,2
490,142,5
198,30,5
844,101,1
591,213,4
85,108,5
512,48,5
991,59,2
408,25,2
750,78,1
213,81,1
888,236,4
478,72,1
118,46,1
116,196,4
108,67,2
43,62,5
739,17,4
140,176,5
779,225,2
203,110,1
301,293,2
442,195,3
214,275,1
677,92,4
667,155,5
107,77,3
181,52,1
292,12,5
700,203,5
144,173,1
591,168,2
154,147,4
132,9,5
199,188,3
739,195,1
830,1,2
733,292,5
354,66,5
509,9,1
235,233,1
146,142,2
435,184,5
335,277,3
397,158,2
218,14,3
965,39,2
27,73,4
953,28,4
127,186,5
166,246,2
571,254,3
62,86,5
635,32,4
737,44,4
437,12,4
234,67,2
881,145,5
666,55,3
328,134,2
848,4,2
719,147,1
256,31,1
18,186,4
980,255,5
937,232,3
434,158,5
67,190,4
605,179,3
292,218,2
969,127,3
492,55,2
857,129,4
445,2,1
46,285,1
788,61,5
126,20,2
28,212,5
236,52,4
409,142,1
501,83,4
529,22,5
14,265,1
832,188,4
110,76,5
32,56,3
722,32,4
87,101,5
44,210,4
105,127,1
474,118,3
82,25,3
370,272,3
504,154,2
821,206,2
117,101,1
18,290,4
187,179,5
881,271,3
458,219,4
611,130,4
31,105,1
575,3,3
204,103,5
413,81,4
945,131,4
911,202,4
843,77,1
362,300,1
538,124,2
717,244,1
33,30,3
413,213,4
103,160,3
642,13,1
815,60,1
458,249,4
128,130,1
21,135,5
242,279,5
70,289,3
588,2,3
256,34,3
804,89,1
262,257,1
828,153,5
842,255,4
803,271,4
655,115,1
204,238,5
450,62,4
392,285,3
105,211,4
979,51,2
222,249,3
976,26,4
492,293,3
255,120,2
781,166,4
188,108,5
686,149,5
583,59,5
457,8,1
729,136,2
905,221,2
27,110,4
53,264,4
840,277,2
109,46,4
57,82,1
646,133,1
871,280,1
241,190,5
586,263,5
517,300,4
923,76,1
86,228,1
749,276,5
641,149,5
32,37,5
951,205,3
312,274,2
165,62,4
970,183,5
526,120,5
451,260,3
449,6,5
177,32,1
266,277,1
429,243,3
485,48,2
863,97,4
577,44,3
610,207,1
783,44,2
524,256,5
277,85,5
687,217,5
926,259,2
475,201,5
966,245,1
274,23,5
364,118,1
265,46,5
434,58,3
438,23,4
922,283,2
182,250,3
691,284,5
230,171,4
363,55,4
595,204,2
300,24,5
949,216,3
856,193,4
560,128,3
959,220,1
273,232,5
320,78,1
455,6,2
575,174,1
396,73,2
956,183,5
779,125,4
282,278,5
129,1,5
991,294,2
273,274,4
546,257,2
629,22,4
141,133,4
492,78,5
456,295,1
436,12,5
854,33,1
308,38,2
850,58,5
918,128,3
678,84,2
732,209,1
239,110,4
737,209,1
350,96,2
45,131,3
570,262,1
411,171,1
932,85,3
929,143,3
508,75,3
128,50,4
326,17,2
714,149,3
29,291,4
412,33,4
774,248,1
791,265,2
717,133,5
552,294,5
646,22,5
555,2,4
473,283,2
100,140,1
454,139,4
530,54,2
860,168,5
190,202,4
970,136,5
433,276,5
825,128,5
406,282,4
320,260,4
581,160,1
336,175,5
268,161,1
114,64,5
139,93,1
866,245,3
253,196,1
360,59,1
486,41,4
700,32,2
853,276,5
827,203,2
432,161,2
421,65,1
528,297,3
336,191,5
58,195,4
8,26,1
609,294,3
827,70,3
544,298,3
184,25,3
943,193,4
699,141,5
629,223,4
510,211,1
335,224,3
166,8,3
323,217,3
502,227,3
551,15,5
462,158,3
988,114,2
801,260,5
30,218,2
249,190,3
819,208,4
803,67,2
789,215,3
718,149,1
112,204,3
619,178,2
948,28,1
712,218,2
877,96,1
180,78,3
186,232,4
988,245,4
319,206,2
783,162,5
69,200,1
107,41,2
288,52,1
382,258,3
547,265,4
62,4,5
16,56,4
603,265,4
493,254,5
131,101,1
178,296,5
904,184,4
954,7,3
457,70,4
812,135,2
654,218,1
151,57,2
55,105,5
258,118,4
351,117,4
355,198,5
50,237,5
359,87,3
272,264,2
318,66,1
688,286,2
516,167,3
371,138,1
33,220,3
313,189,3
668,240,3
758,75,2
866,40,1
144,100,2
958,230,3
789,276,5
784,252,5
752,44,4
449,204,2
249,151,2
502,87,1
197,285,5
389,87,1
920,244,3
732,7,5
63,35,5
803,199,2
847,22,3
337,100,1
396,118,3
737,280,5
850,75,3
640,118,3
869,118,3
13,19,1
528,36,4
452,243,5
294,264,1
863,218,3
177,143,3
261,185,3
269,219,1
846,273,2
840,274,3
705,34,4
618,112,4
722,283,1
16,165,2
660,64,2
550,234,5
525,131,5
753,198,5
582,297,4
601,271,5
796,80,5
